Database_name,Feature_Category,Feature,Supported,Points
MSSQL,Database as a Service (DBaaS) ,Only available as a cloud service,N,0
MSSQL,Server operating systems,Windows,Y,1
MSSQL,Data scheme,yes,Y,1
MSSQL,Typing predefined data types such as float or date,yes,Y,1
MSSQL,"XML support Some form of processing data in XML format, e.g. support for XML data structures, and/or support for XPath, XQuery or XSLT.",yes,Y,1
MSSQL,Secondary indexes,Secondary indexes,Y,1
MSSQL,SQL,yes,Y,1
MSSQL,APIs and other access methods,OLE DB,Y,1
MSSQL,APIs and other access methods,Tabular Data Stream (TDS),Y,1
MSSQL,APIs and other access methods,ADO.NET,Y,1
MSSQL,APIs and other access methods,JDBC,Y,1
MSSQL,APIs and other access methods,ODBC,Y,1
MSSQL,Supported programming languages,.Net,Y,1
MSSQL,Supported programming languages,C++,Y,1
MSSQL,Supported programming languages,Go,Y,1
MSSQL,Supported programming languages,Java,Y,1
MSSQL,Supported programming languages,JavaScript (Node.js),Y,1
MSSQL,Supported programming languages,PHP,Y,1
MSSQL,Supported programming languages,Python,Y,1
MSSQL,Supported programming languages,R,Y,1
MSSQL,Supported programming languages,Ruby,Y,1
MSSQL,Supported programming languages,Visual Basic,Y,1
MSSQL,Server-side scripts Stored procedures,Transact SQL and .NET languages,Y,1
MSSQL,Triggers,Triggers,Y,1
MSSQL,Partitioning methods Methods for storing different data on different nodes,tables can be distributed across several files (horizontal partitioning); sharding through federation,Y,1
MSSQL,Replication methods Methods for redundantly storing data on multiple nodes,"yes, but depending on the SQL-Server Edition",Y,1
MSSQL,MapReduce methods,MapReduce Offers an API for user-defined Map/Reduce methods,Y,1
MSSQL,Consistency concepts Methods to ensure consistency in a distributed system,Immediate Consistency,Y,1
MSSQL,Foreign keys Referential integrity,Foreign keys Referential integrity,Y,1
MSSQL,Transaction concepts Support to ensure data integrity after non-atomic manipulations of data,ACID,Y,1
MSSQL,Concurrency Support for concurrent manipulation of data,yes,Y,1
MSSQL,Durability Support for making data persistent,yes,Y,1
MSSQL,In-memory capabilities Is there an option to define some or all structures to be held in-memory only.,yes,Y,1
MSSQL,User concepts Access control,fine grained access rights according to SQL-standard,Y,1
Mariadb,Database as a Service (DBaaS) ,Only available as a cloud service,N,0
Mariadb,Server operating systems,FreeBSD,Y,1
Mariadb,Server operating systems,Linux,Y,1
Mariadb,Server operating systems,Solaris,Y,1
Mariadb,Server operating systems,Windows,Y,1
Mariadb,Data scheme,yes Dynamic columns are supported,Y,1
Mariadb,Typing predefined data types such as float or date,yes,Y,1
Mariadb,"XML support Some form of processing data in XML format, e.g. support for XML data structures, and/or support for XPath, XQuery or XSLT.",yes,Y,1
Mariadb,Secondary indexes,Secondary indexes,Y,1
Mariadb,SQL,yes with proprietary extensions,P,0.5
Mariadb,APIs and other access methods,ADO.NET,Y,1
Mariadb,APIs and other access methods,JDBC,Y,1
Mariadb,APIs and other access methods,ODBC,Y,1
Mariadb,Supported programming languages,Ada,Y,1
Mariadb,Supported programming languages,C,Y,1
Mariadb,Supported programming languages,C#,Y,1
Mariadb,Supported programming languages,C++,Y,1
Mariadb,Supported programming languages,D,Y,1
Mariadb,Supported programming languages,Eiffel,Y,1
Mariadb,Supported programming languages,Erlang,Y,1
Mariadb,Supported programming languages,Go,Y,1
Mariadb,Supported programming languages,Haskell,Y,1
Mariadb,Supported programming languages,Java,Y,1
Mariadb,Supported programming languages,Objective-C,Y,1
Mariadb,Supported programming languages,OCaml,Y,1
Mariadb,Supported programming languages,Perl,Y,1
Mariadb,Supported programming languages,PHP,Y,1
Mariadb,Supported programming languages,Python,Y,1
Mariadb,Supported programming languages,Ruby,Y,1
Mariadb,Supported programming languages,Scheme,Y,1
Mariadb,Supported programming languages,Tcl,Y,1
Mariadb,Server-side scripts Stored procedures,yes propriatary syntax,P,0.5
Mariadb,Triggers,Triggers,Y,1
Mariadb,Partitioning methods Methods for storing different data on different nodes,"Horizontal partitioning, sharding with Spider storage engine or Galera cluster Partitioning by range, list, hash, key",Y,1
Mariadb,Replication methods Methods for redundantly storing data on multiple nodes,Master-master replication,Y,1
Mariadb,Replication methods Methods for redundantly storing data on multiple nodes,Master-slave replication,Y,1
Mariadb,MapReduce methods,MapReduce Offers an API for user-defined Map/Reduce methods,Y,1
Mariadb,Foreign keys Referential integrity,Foreign keys Referential integrity,Y,1
Mariadb,Transaction concepts Support to ensure data integrity after non-atomic manipulations of data,ACID not for MyISAM storage engine,Y,1
Mariadb,Concurrency Support for concurrent manipulation of data,yes,Y,1
Mariadb,Durability Support for making data persistent,yes not for in-memory storage engine,Y,1
Mariadb,In-memory capabilities Is there an option to define some or all structures to be held in-memory only.,yes with MEMORY storage engine,Y,1
Mariadb,User concepts Access control,"Users with fine-grained authorization concept, user roles and pluggable authentication",Y,1
PostgreSQL,Database as a Service (DBaaS) ,Only available as a cloud service,N,0
PostgreSQL,Server operating systems,FreeBSD,Y,1
PostgreSQL,Server operating systems,HP-UX,Y,1
PostgreSQL,Server operating systems,Linux,Y,1
PostgreSQL,Server operating systems,NetBSD,Y,1
PostgreSQL,Server operating systems,OpenBSD,Y,1
PostgreSQL,Server operating systems,OS X,Y,1
PostgreSQL,Server operating systems,Solaris,Y,1
PostgreSQL,Server operating systems,Unix,Y,1
PostgreSQL,Server operating systems,Windows,Y,1
PostgreSQL,Data scheme,yes,Y,1
PostgreSQL,Typing predefined data types such as float or date,yes,Y,1
PostgreSQL,Secondary indexes,Secondary indexes,Y,1
PostgreSQL,SQL,yes standard with numerous extensions,P,0.5
PostgreSQL,APIs and other access methods,native C library,Y,1
PostgreSQL,APIs and other access methods,streaming API for large objects,Y,1
PostgreSQL,APIs and other access methods,ADO.NET,Y,1
PostgreSQL,APIs and other access methods,JDBC,Y,1
PostgreSQL,APIs and other access methods,ODBC,Y,1
PostgreSQL,Supported programming languages,.Net,Y,1
PostgreSQL,Supported programming languages,C,Y,1
PostgreSQL,Supported programming languages,C++,Y,1
PostgreSQL,Supported programming languages,Java ,Y,1
PostgreSQL,Supported programming languages,JDBC,Y,1
PostgreSQL,Supported programming languages,Perl,Y,1
PostgreSQL,Supported programming languages,Python,Y,1
PostgreSQL,Supported programming languages,Tcl,Y,1
PostgreSQL,Server-side scripts Stored procedures,"user defined functions realized in proprietary language PL/pgSQL or with common languages like Perl, Python, Tcl etc.",Y,1
PostgreSQL,Triggers,Triggers,Y,1
PostgreSQL,Partitioning methods Methods for storing different data on different nodes,"no, but can be realized using table inheritance for each partition a subtable, inserts are controlled with triggers",Y,1
PostgreSQL,Replication methods Methods for redundantly storing data on multiple nodes,Master-slave replication other methods possible by using 3rd party extensions,Y,1
PostgreSQL,MapReduce methods,MapReduce Offers an API for user-defined Map/Reduce methods,Y,1
PostgreSQL,Consistency concepts Methods to ensure consistency in a distributed system,Immediate Consistency,Y,1
PostgreSQL,Foreign keys Referential integrity,Foreign keys Referential integrity,Y,1
PostgreSQL,Transaction concepts Support to ensure data integrity after non-atomic manipulations of data,ACID,Y,1
PostgreSQL,Concurrency Support for concurrent manipulation of data,yes,Y,1
PostgreSQL,Durability Support for making data persistent,yes,Y,1
PostgreSQL,In-memory capabilities Is there an option to define some or all structures to be held in-memory only.,no,N,0
PostgreSQL,User concepts Access control,fine grained access rights according to SQL-standard,Y,1